Controller,Total_Runs,Avg_Wait_Mean,Avg_Wait_Std,Max_Wait_Mean,Max_Wait_Std,Avg_Wait_CI_Lower,Avg_Wait_CI_Upper,Max_Wait_CI_Lower,Max_Wait_CI_Upper
Fixed-Time Controller,500,5.455245474977806,1.0584084880370277,57.37,1.2165772150753444,5.362248022080945,5.548242927874667,57.263104993456544,57.47689500654345
Adaptive Fixed-Time Controller,500,5.197040469945922,2.002453458495566,54.23,12.912884463602262,5.021094156883017,5.372986783008826,53.09540463512944,55.36459536487055
Vehicle-Actuated Controller,500,1.3058720618160187,1.623239907742829,23.678,16.672319829495652,1.1632454875142657,1.4484986361177716,22.213080457545722,25.14291954245428
RL Agent (PPO),500,0.07643574178395109,0.03821222664419156,4.622,2.087061967290531,0.0730782103699522,0.07979327319794997,4.438619529047899,4.805380470952101
