Controller,Total_Runs,Avg_Wait_Mean,Avg_Wait_Std,Max_Wait_Mean,Max_Wait_Std,Avg_Wait_CI_Lower,Avg_Wait_CI_Upper,Max_Wait_CI_Lower,Max_Wait_CI_Upper
Vehicle-Actuated Controller,4,0.4854254720144168,0.12501740164008912,12.75,2.362907813126304,0.28649488804154666,0.684356055987287,8.990086380194438,16.509913619805562
RL Agent (PPO),4,0.08140085053381621,0.004365617518050948,4.0,0.0,0.07445417886351346,0.08834752220411896,,
