Controller,Total_Runs,Avg_Wait_Mean,Avg_Wait_Std,Max_Wait_Mean,Max_Wait_Std,Avg_Wait_CI_Lower,Avg_Wait_CI_Upper,Max_Wait_CI_Lower,Max_Wait_CI_Upper
Fixed-Time Controller,2,1.5711423992673992,0.16946496079947757,27.0,0.0,0.0485601352730074,3.093724663261791,,
Adaptive Fixed-Time Controller,2,3.259242146742147,2.1079693763624143,25.0,7.0710678118654755,-15.680111276827795,22.198595570312087,-38.53102368216048,88.53102368216048
Vehicle-Actuated Controller,2,0.37160409035409037,0.01462346899431889,11.0,0.0,0.24021743423484798,0.5029907464733328,,
RL Agent (PPO),2,0.029312354312354315,0.009312711686955698,1.0,0.0,-0.05435904051380112,0.11298374913850975,,
